/items/37	item	item detail
/items/374	item	item detail
/cart/put/372	cart	put to cart
/items/307	item	item detail
/items/370	item	item detail
/items/344	item	item detail
/items/276	item	item detail
/items/180	item	item detail
/cart/put/248	cart	put to cart
/items/341	item	item detail
/items/29	item	item detail
/items/347	item	item detail
/cart/put/385	cart	put to cart
/items/297	item	item detail
/cart/put/366	cart	put to cart
/cart/put/137	cart	put to cart
/items/149	item	item detail
/items/148	item	item detail
/items/112	item	item detail
/items/295	item	item detail
/cart/put/183	cart	put to cart
/cart/put/272	cart	put to cart
/cart/put/18	cart	put to cart
/cart/put/326	cart	put to cart
/cart/checkout	cart	cart checkout
/cart/put/361	cart	put to cart
/cart/put/261	cart	put to cart
/items/80	item	item detail
/cart/put/230	cart	put to cart
/items/40	item	item detail
/cart/put/245	cart	put to cart
/cart/put/35	cart	put to cart
/items/300	item	item detail
/cart/put/65	cart	put to cart
/items/207	item	item detail
/items/21	item	item detail
/cart/put/308	cart	put to cart
/items/342	item	item detail
/cart/put/223	cart	put to cart
/items/123	item	item detail
/cart/put/277	cart	put to cart
/items/385	item	item detail
/cart/put/177	cart	put to cart
/cart/put/212	cart	put to cart
/cart/put/324	cart	put to cart
/items/324	item	item detail
/items/161	item	item detail
/items/83	item	item detail
/cart/put/120	cart	put to cart
/cart/put/82	cart	put to cart
/items/166	item	item detail
/cart/put/380	cart	put to cart
/items/289	item	item detail
/items/91	item	item detail
/cart/put/252	cart	put to cart
/items/65	item	item detail
/cart/put/136	cart	put to cart
/items/63	item	item detail
/items/16	item	item detail
/cart/put/14	cart	put to cart
/shops/24	shop	shop item list
/cart/put/125	cart	put to cart
/cart/put/338	cart	put to cart
/items/376	item	item detail
/items/107	item	item detail
/cart/put/303	cart	put to cart
/items/220	item	item detail
/items/349	item	item detail
/items/92	item	item detail
/cart/put/76	cart	put to cart
/cart/put/225	cart	put to cart
/items/69	item	item detail
/items/218	item	item detail
/shops/18	shop	shop item list
/cart/put/344	cart	put to cart
/items/318	item	item detail
/cart/put/126	cart	put to cart
/cart/put/377	cart	put to cart
/items/152	item	item detail
/items/138	item	item detail
/cart/put/371	cart	put to cart
/shops/17	shop	shop item list
/items/109	item	item detail
/cart/put/26	cart	put to cart
/items/257	item	item detail
/items/250	item	item detail
/cart/put/9	cart	put to cart
/cart/put/47	cart	put to cart
/shops/16	shop	shop item list
/cart/put/150	cart	put to cart
/shops/9	shop	shop item list
/cart/put/61	cart	put to cart
/cart/put/40	cart	put to cart
/cart/put/203	cart	put to cart
/cart/put/154	cart	put to cart
/cart/put/54	cart	put to cart
/items/14	item	item detail
/cart/put/237	cart	put to cart
/items/35	item	item detail
/cart/put/289	cart	put to cart
/cart/put/127	cart	put to cart
/cart/put/67	cart	put to cart
/items/382	item	item detail
/cart/put/114	cart	put to cart
/items/72	item	item detail
/cart/put/11	cart	put to cart
/cart/put/168	cart	put to cart
/items/330	item	item detail
/cart/put/100	cart	put to cart
/items/279	item	item detail
/items/70	item	item detail
/items/210	item	item detail
/items/116	item	item detail
/cart/put/156	cart	put to cart
/cart/put/163	cart	put to cart
/shops/20	shop	shop item list
/cart/put/129	cart	put to cart
/cart/put/343	cart	put to cart
/cart/put/64	cart	put to cart
/items/15	item	item detail
/cart/put/376	cart	put to cart
/cart/put/199	cart	put to cart
/cart/put/216	cart	put to cart
/items/57	item	item detail
/items/17	item	item detail
/items/284	item	item detail
/items/313	item	item detail
/cart/put/241	cart	put to cart
/items/325	item	item detail
/cart/put/348	cart	put to cart
/items/93	item	item detail
/cart/put/231	cart	put to cart
/shops/27	shop	shop item list
/items/150	item	item detail
/cart/put/312	cart	put to cart
/items/292	item	item detail
/cart/put/254	cart	put to cart
/items/359	item	item detail
/cart/put/58	cart	put to cart
/cart/put/10	cart	put to cart
/items/129	item	item detail
/items/372	item	item detail
/cart/put/256	cart	put to cart
/cart/put/323	cart	put to cart
/items/278	item	item detail
/items/249	item	item detail
/cart/put/152	cart	put to cart
/shops/11	shop	shop item list
/cart/put/117	cart	put to cart
/cart/put/291	cart	put to cart
/cart/put/63	cart	put to cart
/cart/put/97	cart	put to cart
/cart/put/111	cart	put to cart
/cart/put/264	cart	put to cart
/cart/put/25	cart	put to cart
/cart/put/357	cart	put to cart
/cart/put/56	cart	put to cart
/items/280	item	item detail
/cart/put/173	cart	put to cart
/items/193	item	item detail
/items/137	item	item detail
/items/287	item	item detail
/cart/put/157	cart	put to cart
/shops/21	shop	shop item list
/shops/1	shop	shop item list
/items/101	item	item detail
/items/117	item	item detail
/items/47	item	item detail
/cart/put/160	cart	put to cart
/items/327	item	item detail
/cart/put/44	cart	put to cart
/cart/put/81	cart	put to cart
/cart/put/94	cart	put to cart
/cart/put/331	cart	put to cart
/items/321	item	item detail
/cart/put/13	cart	put to cart
/items/212	item	item detail
/cart/put/180	cart	put to cart
/cart/put/131	cart	put to cart
/items/11	item	item detail
/cart/put/195	cart	put to cart
/items/246	item	item detail
/items/235	item	item detail
/items/158	item	item detail
/cart/put/116	cart	put to cart
/items/172	item	item detail
/items/262	item	item detail
/items/32	item	item detail
/cart/put/332	cart	put to cart
/items/90	item	item detail
/items/272	item	item detail
/items/191	item	item detail
/cart/put/295	cart	put to cart
/cart/put/151	cart	put to cart
/items/127	item	item detail
/cart/put/235	cart	put to cart
/items/233	item	item detail
/cart/put/340	cart	put to cart
/cart/put/233	cart	put to cart
/cart/put/69	cart	put to cart
/items/369	item	item detail
/cart/put/73	cart	put to cart
/cart/put/243	cart	put to cart
/cart/put/19	cart	put to cart
/cart/put/283	cart	put to cart
/cart/put/329	cart	put to cart
/cart/put/221	cart	put to cart
/cart/put/354	cart	put to cart
/cart/put/210	cart	put to cart
/items/226	item	item detail
/items/98	item	item detail
/items/204	item	item detail
/items/345	item	item detail
/items/303	item	item detail
/items/214	item	item detail
/items/322	item	item detail
/items/334	item	item detail
/cart/put/135	cart	put to cart
/cart/put/55	cart	put to cart
/items/282	item	item detail
/cart/put/84	cart	put to cart
/cart/put/346	cart	put to cart
/cart/put/4	cart	put to cart
/cart/put/319	cart	put to cart
/cart/put/148	cart	put to cart
/items/192	item	item detail
/cart/put/381	cart	put to cart
/items/294	item	item detail
/items/59	item	item detail
/items/157	item	item detail
/cart/put/139	cart	put to cart
/items/120	item	item detail
/cart/put/32	cart	put to cart
/cart/put/196	cart	put to cart
/cart/put/271	cart	put to cart
/cart/put/227	cart	put to cart
/items/50	item	item detail
/cart/put/39	cart	put to cart
/items/113	item	item detail
/items/31	item	item detail
/cart/put/189	cart	put to cart
/cart/put/384	cart	put to cart
/items/316	item	item detail
/cart/put/365	cart	put to cart
/cart/put/367	cart	put to cart
/items/231	item	item detail
/cart/put/166	cart	put to cart
/items/23	item	item detail
/cart/put/165	cart	put to cart
/cart/put/29	cart	put to cart
/items/186	item	item detail
/cart/put/33	cart	put to cart
/shops/13	shop	shop item list
/cart/put/320	cart	put to cart
/cart/put/268	cart	put to cart
/items/302	item	item detail
/cart/put/290	cart	put to cart
/items/353	item	item detail
/cart/put/187	cart	put to cart
/cart/put/353	cart	put to cart
/items/185	item	item detail
/items/203	item	item detail
/items/317	item	item detail
/items/301	item	item detail
/cart/put/50	cart	put to cart
/items/147	item	item detail
/items/371	item	item detail
/cart/put/368	cart	put to cart
/cart/put/266	cart	put to cart
/cart/put/78	cart	put to cart
/items/156	item	item detail
/cart/put/215	cart	put to cart
/items/168	item	item detail
/items/75	item	item detail
/shops/23	shop	shop item list
/cart/put/8	cart	put to cart
/items/232	item	item detail
/cart/put/253	cart	put to cart
/cart/put/383	cart	put to cart
/items/190	item	item detail
/shops/28	shop	shop item list
/items/296	item	item detail
/cart/put/386	cart	put to cart
/items/154	item	item detail
/items/348	item	item detail
/items/74	item	item detail
/cart/put/234	cart	put to cart
/cart/put/359	cart	put to cart
/cart/put/200	cart	put to cart
/items/136	item	item detail
/items/311	item	item detail
/items/225	item	item detail
/search	search	item search
/cart/put/213	cart	put to cart
/cart/put/104	cart	put to cart
/cart/put/193	cart	put to cart
/cart/put/134	cart	put to cart
/cart/put/297	cart	put to cart
/items/358	item	item detail
/items/82	item	item detail
/items/167	item	item detail
/cart/put/109	cart	put to cart
/cart/put/105	cart	put to cart
/items/79	item	item detail
/cart/put/197	cart	put to cart
/cart/put/96	cart	put to cart
/items/39	item	item detail
/cart/put/192	cart	put to cart
/cart/put/318	cart	put to cart
/cart/put/336	cart	put to cart
/cart/put/374	cart	put to cart
/cart/put/265	cart	put to cart
/cart/put/267	cart	put to cart
/cart/put/186	cart	put to cart
/items/373	item	item detail
/cart/put/355	cart	put to cart
/cart/put/334	cart	put to cart
/items/198	item	item detail
/items/247	item	item detail
/shops/3	shop	shop item list
/cart/put/43	cart	put to cart
/shops/2	shop	shop item list
/items/45	item	item detail
/items/66	item	item detail
/cart/put/284	cart	put to cart
/cart/put/356	cart	put to cart
/cart/put/36	cart	put to cart
/cart/put/144	cart	put to cart
/items/333	item	item detail
/cart/put/191	cart	put to cart
/items/102	item	item detail
/items/350	item	item detail
/cart/put/41	cart	put to cart
/cart/put/313	cart	put to cart
/cart/put/255	cart	put to cart
/items/283	item	item detail
/items/18	item	item detail
/cart/put/170	cart	put to cart
/cart/put/198	cart	put to cart
/cart/put/71	cart	put to cart
/cart/put/132	cart	put to cart
/items/58	item	item detail
/items/329	item	item detail
/cart/put/220	cart	put to cart
/cart/put/112	cart	put to cart
/items/368	item	item detail
/cart/put/182	cart	put to cart
/cart/put/7	cart	put to cart
/cart/put/103	cart	put to cart
/items/8	item	item detail
/cart/put/300	cart	put to cart
/items/362	item	item detail
/cart/put/21	cart	put to cart
/cart/put/28	cart	put to cart
/items/222	item	item detail
/items/274	item	item detail
/cart/put/286	cart	put to cart
/cart/put/309	cart	put to cart
/cart/put/249	cart	put to cart
/cart/put/106	cart	put to cart
/items/49	item	item detail
/cart/put/335	cart	put to cart
/cart/put/306	cart	put to cart
/items/130	item	item detail
/cart/put/128	cart	put to cart
/items/291	item	item detail
/cart/put/153	cart	put to cart
/items/209	item	item detail
/items/286	item	item detail
/items/245	item	item detail
/items/141	item	item detail
/cart/put/194	cart	put to cart
/cart/put/124	cart	put to cart
/items/51	item	item detail
/items/194	item	item detail
/items/142	item	item detail
/shops/26	shop	shop item list
/cart/put/169	cart	put to cart
/items/169	item	item detail
/items/267	item	item detail
/items/230	item	item detail
/items/52	item	item detail
/items/97	item	item detail
/cart/put/99	cart	put to cart
/cart/put/364	cart	put to cart
/cart/put/6	cart	put to cart
/cart/put/285	cart	put to cart
/items/217	item	item detail
/items/24	item	item detail
/items/211	item	item detail
/cart/put/218	cart	put to cart
/items/265	item	item detail
/cart/put/86	cart	put to cart
/items/146	item	item detail
/items/188	item	item detail
/items/94	item	item detail
/cart/put/12	cart	put to cart
/items/281	item	item detail
/cart/put/362	cart	put to cart
/items/256	item	item detail
/items/208	item	item detail
/items/288	item	item detail
/cart/put/209	cart	put to cart
/items/320	item	item detail
/cart/put/57	cart	put to cart
/cart/put/292	cart	put to cart
/items/118	item	item detail
/items/238	item	item detail
/items/12	item	item detail
/items/177	item	item detail
/items/33	item	item detail
/cart/put/382	cart	put to cart
/shops/8	shop	shop item list
/items/328	item	item detail
/cart/put/358	cart	put to cart
/items/271	item	item detail
/cart/put/258	cart	put to cart
/cart/put/49	cart	put to cart
/items/22	item	item detail
/cart/put/51	cart	put to cart
/items/387	item	item detail
/items/175	item	item detail
/cart/put/52	cart	put to cart
/cart/put/293	cart	put to cart
/cart/put/15	cart	put to cart
/items/270	item	item detail
/cart/put/370	cart	put to cart
/items/255	item	item detail
/cart/put/34	cart	put to cart
/cart/put/89	cart	put to cart
/items/119	item	item detail
/items/4	item	item detail
/cart/put/363	cart	put to cart
/cart/put/373	cart	put to cart
/cart/put/118	cart	put to cart
/cart/put/273	cart	put to cart
/cart/put/42	cart	put to cart
/items/84	item	item detail
/shops/7	shop	shop item list
/cart/put/72	cart	put to cart
/cart/put/68	cart	put to cart
/cart/put/288	cart	put to cart
/items/379	item	item detail
/items/60	item	item detail
/cart/put/387	cart	put to cart
/items/378	item	item detail
/items/10	item	item detail
/cart/put/339	cart	put to cart
/cart/put/88	cart	put to cart
/cart/put/229	cart	put to cart
/items/114	item	item detail
/items/111	item	item detail
/cart/put/95	cart	put to cart
/items/205	item	item detail
/shops/12	shop	shop item list
/cart/put/341	cart	put to cart
/shops/4	shop	shop item list
/items/64	item	item detail
/items/105	item	item detail
/items/234	item	item detail
/cart/put/3	cart	put to cart
/items/340	item	item detail
/items/383	item	item detail
/cart/put/181	cart	put to cart
/items/134	item	item detail
/cart/put/378	cart	put to cart
/cart/put/184	cart	put to cart
/cart/put/46	cart	put to cart
/cart/put/93	cart	put to cart
/items/269	item	item detail
/items/184	item	item detail
/cart/put/87	cart	put to cart
/items/104	item	item detail
/cart/put/375	cart	put to cart
/items/55	item	item detail
/cart/put/294	cart	put to cart
/items/336	item	item detail
/items/243	item	item detail
/items/275	item	item detail
/cart/put/188	cart	put to cart
/items/162	item	item detail
/items/337	item	item detail
/items/351	item	item detail
/cart/put/91	cart	put to cart
/items/331	item	item detail
/items/355	item	item detail
/items/261	item	item detail
/cart/put/119	cart	put to cart
/items/86	item	item detail
/items/164	item	item detail
/items/89	item	item detail
/items/171	item	item detail
/cart/put/130	cart	put to cart
/items/380	item	item detail
/items/77	item	item detail
/items/38	item	item detail
/items/5	item	item detail
/items/361	item	item detail
/items/43	item	item detail
/items/44	item	item detail
/cart/put/347	cart	put to cart
/shops/25	shop	shop item list
/items/145	item	item detail
/items/126	item	item detail
/cart/put/17	cart	put to cart
/items/48	item	item detail
/cart/put/48	cart	put to cart
/cart/put/178	cart	put to cart
/items/219	item	item detail
/cart/put/251	cart	put to cart
/items/125	item	item detail
/items/144	item	item detail
/items/135	item	item detail
/cart/put/202	cart	put to cart
/cart/put/307	cart	put to cart
/cart/put/92	cart	put to cart
/cart/put/315	cart	put to cart
/items/237	item	item detail
/items/375	item	item detail
/cart/put/53	cart	put to cart
/cart/put/172	cart	put to cart
/cart/put/45	cart	put to cart
/cart/put/30	cart	put to cart
/cart/put/208	cart	put to cart
/cart/put/217	cart	put to cart
/cart/put/351	cart	put to cart
/items/357	item	item detail
/items/319	item	item detail
/cart/put/269	cart	put to cart
/items/386	item	item detail
/cart/put/214	cart	put to cart
/cart/put/349	cart	put to cart
/items/139	item	item detail
/items/216	item	item detail
/items/201	item	item detail
/items/360	item	item detail
/items/356	item	item detail
/items/42	item	item detail
/cart/put/222	cart	put to cart
/cart/put/123	cart	put to cart
/cart/put/244	cart	put to cart
/items/364	item	item detail
/items/229	item	item detail
/items/27	item	item detail
/cart/put/85	cart	put to cart
/cart/put/226	cart	put to cart
/items/140	item	item detail
/cart/put/77	cart	put to cart
/cart/put/211	cart	put to cart
/items/258	item	item detail
/cart/put/108	cart	put to cart
/shops/6	shop	shop item list
/items/236	item	item detail
/cart/put/27	cart	put to cart
/items/343	item	item detail
/cart/put/75	cart	put to cart
/cart/put/141	cart	put to cart
/items/251	item	item detail
/items/159	item	item detail
/items/206	item	item detail
/cart/put/345	cart	put to cart
/cart/put/143	cart	put to cart
/items/240	item	item detail
/items/153	item	item detail
/items/244	item	item detail
/items/384	item	item detail
/items/305	item	item detail
/items/365	item	item detail
/items/19	item	item detail
/cart/put/298	cart	put to cart
/items/96	item	item detail
/items/338	item	item detail
/items/73	item	item detail
/items/339	item	item detail
/items/253	item	item detail
/cart/put/107	cart	put to cart
/cart/put/350	cart	put to cart
/items/332	item	item detail
/cart/put/337	cart	put to cart
/cart/put/159	cart	put to cart
/items/308	item	item detail
/items/310	item	item detail
/cart/put/322	cart	put to cart
/items/68	item	item detail
/cart/put/20	cart	put to cart
/items/290	item	item detail
/items/132	item	item detail
/items/335	item	item detail
/items/131	item	item detail
/cart/put/16	cart	put to cart
/cart/put/379	cart	put to cart
/cart/put/164	cart	put to cart
/cart/put/270	cart	put to cart
/items/228	item	item detail
/items/202	item	item detail
/items/20	item	item detail
/cart/put/98	cart	put to cart
/cart/put/37	cart	put to cart
/items/260	item	item detail
/cart/put/22	cart	put to cart
/cart/put/140	cart	put to cart
/items/122	item	item detail
/items/6	item	item detail
/cart/put/80	cart	put to cart
/cart/put/310	cart	put to cart
/items/242	item	item detail
/items/41	item	item detail
/items/215	item	item detail
/cart/put/110	cart	put to cart
/items/223	item	item detail
/items/62	item	item detail
/cart/put/113	cart	put to cart
/cart/put/275	cart	put to cart
/cart/put/59	cart	put to cart
/cart/put/149	cart	put to cart
/cart/put/236	cart	put to cart
/items/239	item	item detail
/cart/put/330	cart	put to cart
/items/34	item	item detail
/items/183	item	item detail
/cart/put/250	cart	put to cart
/cart/put/190	cart	put to cart
/items/326	item	item detail
/shops/19	shop	shop item list
/cart/put/352	cart	put to cart
/	top	top
/cart/put/317	cart	put to cart
/shops/29	shop	shop item list
/cart/put/70	cart	put to cart
/cart/put/369	cart	put to cart
/items/381	item	item detail
/items/28	item	item detail
/items/143	item	item detail
/cart/put/274	cart	put to cart
/items/263	item	item detail
/items/224	item	item detail
/cart/put/206	cart	put to cart
/items/54	item	item detail
/items/100	item	item detail
/cart/put/122	cart	put to cart
/cart/put/201	cart	put to cart
/items/85	item	item detail
/items/176	item	item detail
/cart/put/278	cart	put to cart
/cart/put/147	cart	put to cart
/cart/put/138	cart	put to cart
/items/366	item	item detail
/cart/put/280	cart	put to cart
/items/248	item	item detail
/items/273	item	item detail
/items/312	item	item detail
/items/9	item	item detail
/cart/put/276	cart	put to cart
/cart/put/161	cart	put to cart
/cart/put/145	cart	put to cart
/cart/put/121	cart	put to cart
/items/259	item	item detail
/items/67	item	item detail
/items/254	item	item detail
/items/160	item	item detail
/cart/put/74	cart	put to cart
/items/179	item	item detail
/items/323	item	item detail
/items/124	item	item detail
/items/354	item	item detail
/cart/put/146	cart	put to cart
/items/315	item	item detail
/items/88	item	item detail
/items/61	item	item detail
/items/81	item	item detail
/items/252	item	item detail
/shops/14	shop	shop item list
/items/163	item	item detail
/cart/put/115	cart	put to cart
/items/189	item	item detail
/cart/put/205	cart	put to cart
/items/213	item	item detail
/cart/put/311	cart	put to cart
/cart/put/242	cart	put to cart
/cart/put/246	cart	put to cart
/items/26	item	item detail
/items/181	item	item detail
/cart/put/360	cart	put to cart
/items/314	item	item detail
/items/78	item	item detail
/cart/put/24	cart	put to cart
/items/197	item	item detail
/items/264	item	item detail
/items/182	item	item detail
/cart/put/79	cart	put to cart
/cart/put/316	cart	put to cart
/items/53	item	item detail
/items/266	item	item detail
/items/299	item	item detail
/items/71	item	item detail
/items/200	item	item detail
/cart/put/232	cart	put to cart
/cart/put/281	cart	put to cart
/shops/15	shop	shop item list
/items/227	item	item detail
/shops/5	shop	shop item list
/cart/put/247	cart	put to cart
/items/2	item	item detail
/cart/put/142	cart	put to cart
/cart/put/240	cart	put to cart
/items/221	item	item detail
/items/25	item	item detail
/cart/put/279	cart	put to cart
/items/106	item	item detail
/cart/put/38	cart	put to cart
/items/241	item	item detail
/items/195	item	item detail
/cart/put/296	cart	put to cart
/cart/put/101	cart	put to cart
/cart/put/333	cart	put to cart
/items/128	item	item detail
/items/36	item	item detail
/shops/22	shop	shop item list
/cart/put/207	cart	put to cart
/items/170	item	item detail
/items/46	item	item detail
/cart/put/5	cart	put to cart
/cart/put/305	cart	put to cart
/cart/put/66	cart	put to cart
/cart/put/2	cart	put to cart
/items/99	item	item detail
/items/151	item	item detail
/cart/put/31	cart	put to cart
/cart/put/60	cart	put to cart
/items/277	item	item detail
/cart/put/155	cart	put to cart
/items/165	item	item detail
/items/3	item	item detail
/shops/10	shop	shop item list
/cart/put/102	cart	put to cart
/cart/put/167	cart	put to cart
/items/352	item	item detail
/items/199	item	item detail
/items/121	item	item detail
/cart/put/263	cart	put to cart
/cart/put/174	cart	put to cart
/cart/put/179	cart	put to cart
/cart/put/175	cart	put to cart
/cart/put/238	cart	put to cart
/items/87	item	item detail
/cart/put/321	cart	put to cart
/items/133	item	item detail
/cart/put/171	cart	put to cart
/items/76	item	item detail
/items/187	item	item detail
/items/377	item	item detail
/items/110	item	item detail
/cart/put/325	cart	put to cart
/cart/put/224	cart	put to cart
/items/285	item	item detail
/shops/30	shop	shop item list
/items/1	item	item detail
/cart/put/90	cart	put to cart
/cart/put/304	cart	put to cart
/items/155	item	item detail
/items/298	item	item detail
/items/293	item	item detail
/cart/put/23	cart	put to cart
/cart/put/327	cart	put to cart
/cart/put/262	cart	put to cart
/cart/put/282	cart	put to cart
/cart/put/228	cart	put to cart
/cart/put/83	cart	put to cart
/cart/put/62	cart	put to cart
/items/173	item	item detail
/items/13	item	item detail
/cart/put/176	cart	put to cart
/items/115	item	item detail
/cart/put/239	cart	put to cart
/items/174	item	item detail
/cart/put/1	cart	put to cart
/items/95	item	item detail
/items/30	item	item detail
/items/363	item	item detail
/cart/put/301	cart	put to cart
/cart/put/185	cart	put to cart
/cart/put/133	cart	put to cart
/cart/put/328	cart	put to cart
/items/56	item	item detail
/items/103	item	item detail
/items/304	item	item detail
/cart/put/299	cart	put to cart
/cart/put/162	cart	put to cart
/items/367	item	item detail
/items/7	item	item detail
/cart/put/342	cart	put to cart
/items/178	item	item detail
/items/108	item	item detail
/items/268	item	item detail
/items/306	item	item detail
/items/196	item	item detail
/items/346	item	item detail
/cart/put/257	cart	put to cart
/cart/put/259	cart	put to cart
/cart/put/287	cart	put to cart
/cart/put/260	cart	put to cart
/items/309	item	item detail
/cart/put/204	cart	put to cart
/cart/put/314	cart	put to cart
/cart/put/158	cart	put to cart
/cart/put/219	cart	put to cart
/cart/put/302	cart	put to cart
